,index,dhlabid,urn,title,authors,nettbiblioteket,oaiid,sesamid,isbn10,city,timestamp,year,publisher,langs,subjects,ddc,genres,literaryform,doctype,ocr_creator,ocr_timestamp
0,6,300032882,URN:NBN:no-nb_digitidsskrift_2019011881235_001,Nylænde ( trykt utg. ) : tidsskrift udgivet af Norsk kvindesagsforening . 1891 Vol . 5,,https://www.nb.no/items/URN:NBN:no-nb_digitidsskrift_2019011881235_001,oai:urn.nb.no:no-nb_digitidsskrift_2019011881235_001,164b205aa664b45f4fcbf8bdcdf52ec4,,Christiania,18910101,1891,Foreningen,und,Feminisme / Historie / Tidsskrifter / kvinnesak / norge,,periodical,Uklassifisert,digitidsskrift,nb,20060101
1,7,300032883,URN:NBN:no-nb_digitidsskrift_2019011881236_001,Nylænde ( trykt utg. ) : tidsskrift udgivet af Norsk kvindesagsforening . 1892 Vol . 6,,https://www.nb.no/items/URN:NBN:no-nb_digitidsskrift_2019011881236_001,oai:urn.nb.no:no-nb_digitidsskrift_2019011881236_001,92f5294adb99764c415b0acb79868bac,,Christiania,18920101,1892,Foreningen,und,Feminisme / Historie / Tidsskrifter / kvinnesak / norge,,periodical,Uklassifisert,digitidsskrift,nb,20060101
2,52,300032884,URN:NBN:no-nb_digitidsskrift_2019011881241_001,Nylænde ( trykt utg. ) : tidsskrift udgivet af Norsk kvindesagsforening . 1893 Vol . 7,,https://www.nb.no/items/URN:NBN:no-nb_digitidsskrift_2019011881241_001,oai:urn.nb.no:no-nb_digitidsskrift_2019011881241_001,123d6855d91e7d6e724c71fe400d91fc,,Christiania,18930101,1893,Foreningen,und,Feminisme / Historie / Tidsskrifter / kvinnesak / norge,,periodical,Uklassifisert,digitidsskrift,nb,20060101
3,46,300032885,URN:NBN:no-nb_digitidsskrift_2019011881242_001,Nylænde ( trykt utg. ) : tidsskrift udgivet af Norsk kvindesagsforening . 1894 Vol . 8,,https://www.nb.no/items/URN:NBN:no-nb_digitidsskrift_2019011881242_001,oai:urn.nb.no:no-nb_digitidsskrift_2019011881242_001,77f32f2359f6b7a0cb69b07b18fd54af,,Christiania,18940101,1894,Foreningen,und,Feminisme / Historie / Tidsskrifter / kvinnesak / norge,,periodical,Uklassifisert,digitidsskrift,nb,20060101
4,69,300041848,URN:NBN:no-nb_digitidsskrift_2019011881244_001,Nylænde ( trykt utg. ) : tidsskrift udgivet af Norsk kvindesagsforening . 1901 Vol . 15,,https://www.nb.no/items/URN:NBN:no-nb_digitidsskrift_2019011881244_001,oai:urn.nb.no:no-nb_digitidsskrift_2019011881244_001,6d6c1f6a13b63bc54e0153a0d9563080,,Christiania,19010101,1901,Foreningen,und,Feminisme / Historie / Tidsskrifter / kvinnesak / norge,,periodical,Uklassifisert,digitidsskrift,nb,20060101
5,42,300044296,URN:NBN:no-nb_digitidsskrift_2019011881245_001,Nylænde ( trykt utg. ) : tidsskrift udgivet af Norsk kvindesagsforening . 1902 Vol . 16,,https://www.nb.no/items/URN:NBN:no-nb_digitidsskrift_2019011881245_001,oai:urn.nb.no:no-nb_digitidsskrift_2019011881245_001,4c68a992ffb5ee5d286a0bf36c54b549,,Christiania,19020101,1902,Foreningen,und,Feminisme / Historie / Tidsskrifter / kvinnesak / norge,,periodical,Uklassifisert,digitidsskrift,nb,20060101
6,32,300032886,URN:NBN:no-nb_digitidsskrift_2019011881246_001,Nylænde ( trykt utg. ) : tidsskrift udgivet af Norsk kvindesagsforening . 1903 Vol . 17,,https://www.nb.no/items/URN:NBN:no-nb_digitidsskrift_2019011881246_001,oai:urn.nb.no:no-nb_digitidsskrift_2019011881246_001,73dfe4c85cf908d7c5fec1a58e54ce74,,Christiania,19030101,1903,Foreningen,und,Feminisme / Historie / Tidsskrifter / kvinnesak / norge,,periodical,Uklassifisert,digitidsskrift,nb,20060101
7,74,300054916,URN:NBN:no-nb_digitidsskrift_2019011881248_001,Nylænde ( trykt utg. ) : tidsskrift udgivet af Norsk kvindesagsforening . 1904 Vol . 18,,https://www.nb.no/items/URN:NBN:no-nb_digitidsskrift_2019011881248_001,oai:urn.nb.no:no-nb_digitidsskrift_2019011881248_001,e90a3ab2ee252be41c8661c20ed02242,,Christiania,19040101,1904,Foreningen,und,Feminisme / Historie / Tidsskrifter / kvinnesak / norge,,periodical,Uklassifisert,digitidsskrift,nb,20060101
8,54,300032887,URN:NBN:no-nb_digitidsskrift_2019011881249_001,Nylænde ( trykt utg. ) : tidsskrift udgivet af Norsk kvindesagsforening . 1905 Vol . 19,,https://www.nb.no/items/URN:NBN:no-nb_digitidsskrift_2019011881249_001,oai:urn.nb.no:no-nb_digitidsskrift_2019011881249_001,6752482be9278bbfb3351e883a7934c9,,Christiania,19050101,1905,Foreningen,und,Feminisme / Historie / Tidsskrifter / kvinnesak / norge,,periodical,Uklassifisert,digitidsskrift,nb,20060101
9,43,300044297,URN:NBN:no-nb_digitidsskrift_2019011881271_001,Nylænde ( trykt utg. ) : tidsskrift udgivet af Norsk kvindesagsforening . 1895 Vol . 9,,https://www.nb.no/items/URN:NBN:no-nb_digitidsskrift_2019011881271_001,oai:urn.nb.no:no-nb_digitidsskrift_2019011881271_001,44d5339de5ba2731d6b45fe047758654,,Christiania,18950101,1895,Foreningen,und,Feminisme / Historie / Tidsskrifter / kvinnesak / norge,,periodical,Uklassifisert,digitidsskrift,nb,20060101
10,41,300044298,URN:NBN:no-nb_digitidsskrift_2019011881272_001,Nylænde ( trykt utg. ) : tidsskrift udgivet af Norsk kvindesagsforening . 1896 Vol . 10,,https://www.nb.no/items/URN:NBN:no-nb_digitidsskrift_2019011881272_001,oai:urn.nb.no:no-nb_digitidsskrift_2019011881272_001,818972506460dc33658ea5b447a51c94,,Christiania,18960101,1896,Foreningen,und,Feminisme / Historie / Tidsskrifter / kvinnesak / norge,,periodical,Uklassifisert,digitidsskrift,nb,20060101
11,61,300033053,URN:NBN:no-nb_digitidsskrift_2019012281030_001,Nylænde ( trykt utg. ) : tidsskrift udgivet af Norsk kvindesagsforening . 1919 Vol . 33,,https://www.nb.no/items/URN:NBN:no-nb_digitidsskrift_2019012281030_001,oai:urn.nb.no:no-nb_digitidsskrift_2019012281030_001,7551221cd849deb0984ed2502f499a81,,Christiania,19190101,1919,Foreningen,und,Feminisme / Historie / Tidsskrifter / kvinnesak / norge,,periodical,Uklassifisert,digitidsskrift,nb,20060101
12,34,300033054,URN:NBN:no-nb_digitidsskrift_2019012281032_001,Nylænde ( trykt utg. ) : tidsskrift udgivet af Norsk kvindesagsforening . 1911 Vol . 25,,https://www.nb.no/items/URN:NBN:no-nb_digitidsskrift_2019012281032_001,oai:urn.nb.no:no-nb_digitidsskrift_2019012281032_001,2243e8246024c329bef2db39e5443d1f,,Christiania,19110101,1911,Foreningen,und,Feminisme / Historie / Tidsskrifter / kvinnesak / norge,,periodical,Uklassifisert,digitidsskrift,nb,20060101
13,47,300033055,URN:NBN:no-nb_digitidsskrift_2019012281034_001,Nylænde ( trykt utg. ) : tidsskrift udgivet af Norsk kvindesagsforening . 1912 Vol . 26,,https://www.nb.no/items/URN:NBN:no-nb_digitidsskrift_2019012281034_001,oai:urn.nb.no:no-nb_digitidsskrift_2019012281034_001,c525d2b57686b7d779d7b4b87f668535,,Christiania,19120101,1912,Foreningen,und,Feminisme / Historie / Tidsskrifter / kvinnesak / norge,,periodical,Uklassifisert,digitidsskrift,nb,20060101
14,20,300038076,URN:NBN:no-nb_digitidsskrift_2019012281036_001,Nylænde ( trykt utg. ) : tidsskrift udgivet af Norsk kvindesagsforening . 1913 Vol . 27,,https://www.nb.no/items/URN:NBN:no-nb_digitidsskrift_2019012281036_001,oai:urn.nb.no:no-nb_digitidsskrift_2019012281036_001,de12d2840ce02759d4401225bb4ffc7c,,Christiania,19130101,1913,Foreningen,und,Feminisme / Historie / Tidsskrifter / kvinnesak / norge,,periodical,Uklassifisert,digitidsskrift,nb,20060101
15,37,300041850,URN:NBN:no-nb_digitidsskrift_2019012281038_001,Nylænde ( trykt utg. ) : tidsskrift udgivet af Norsk kvindesagsforening . 1897 Vol . 11,,https://www.nb.no/items/URN:NBN:no-nb_digitidsskrift_2019012281038_001,oai:urn.nb.no:no-nb_digitidsskrift_2019012281038_001,4fc2c785ee98e1f810213b07378d281f,,Christiania,18970101,1897,Foreningen,und,Feminisme / Historie / Tidsskrifter / kvinnesak / norge,,periodical,Uklassifisert,digitidsskrift,nb,20060101
16,5,300044369,URN:NBN:no-nb_digitidsskrift_2019012281040_001,Nylænde ( trykt utg. ) : tidsskrift udgivet af Norsk kvindesagsforening . 1927 Vol . 41,,https://www.nb.no/items/URN:NBN:no-nb_digitidsskrift_2019012281040_001,oai:urn.nb.no:no-nb_digitidsskrift_2019012281040_001,19536ffd9c2df78c2a7af86020cb1235,,Christiania,19270101,1927,Foreningen,und,Feminisme / Historie / Tidsskrifter / kvinnesak / norge,,periodical,Uklassifisert,digitidsskrift,nb,20060101
17,29,300033056,URN:NBN:no-nb_digitidsskrift_2019012281042_001,Nylænde ( trykt utg. ) : tidsskrift udgivet af Norsk kvindesagsforening . 1915 Vol . 29,,https://www.nb.no/items/URN:NBN:no-nb_digitidsskrift_2019012281042_001,oai:urn.nb.no:no-nb_digitidsskrift_2019012281042_001,9e9f87c1f924023dc2a2e3e79439c2a5,,Christiania,19150101,1915,Foreningen,und,Feminisme / Historie / Tidsskrifter / kvinnesak / norge,,periodical,Uklassifisert,digitidsskrift,nb,20060101
18,66,300033057,URN:NBN:no-nb_digitidsskrift_2019012281044_001,Nylænde ( trykt utg. ) : tidsskrift udgivet af Norsk kvindesagsforening . 1916 Vol . 30,,https://www.nb.no/items/URN:NBN:no-nb_digitidsskrift_2019012281044_001,oai:urn.nb.no:no-nb_digitidsskrift_2019012281044_001,ecff00e544bafc67d0c737995c1804e8,,Christiania,19160101,1916,Foreningen,und,Feminisme / Historie / Tidsskrifter / kvinnesak / norge,,periodical,Uklassifisert,digitidsskrift,nb,20060101
19,70,300033058,URN:NBN:no-nb_digitidsskrift_2019012281046_001,Nylænde ( trykt utg. ) : tidsskrift udgivet af Norsk kvindesagsforening . 1917 Vol . 31,,https://www.nb.no/items/URN:NBN:no-nb_digitidsskrift_2019012281046_001,oai:urn.nb.no:no-nb_digitidsskrift_2019012281046_001,e5246207e30ae81e6e92819eacbeb046,,Christiania,19170101,1917,Foreningen,und,Feminisme / Historie / Tidsskrifter / kvinnesak / norge,,periodical,Uklassifisert,digitidsskrift,nb,20060101
20,35,300033059,URN:NBN:no-nb_digitidsskrift_2019012281048_001,Nylænde ( trykt utg. ) : tidsskrift udgivet af Norsk kvindesagsforening . 1918 Vol . 32,,https://www.nb.no/items/URN:NBN:no-nb_digitidsskrift_2019012281048_001,oai:urn.nb.no:no-nb_digitidsskrift_2019012281048_001,38bfbfa325250fad1ca0c3fa7c1d28ec,,Christiania,19180101,1918,Foreningen,und,Feminisme / Historie / Tidsskrifter / kvinnesak / norge,,periodical,Uklassifisert,digitidsskrift,nb,20060101
21,11,300033060,URN:NBN:no-nb_digitidsskrift_2019012281050_001,Nylænde ( trykt utg. ) : tidsskrift udgivet af Norsk kvindesagsforening . 1922 Vol . 36,,https://www.nb.no/items/URN:NBN:no-nb_digitidsskrift_2019012281050_001,oai:urn.nb.no:no-nb_digitidsskrift_2019012281050_001,7ae3661a80c333ab7bb157efc3ce0c6f,,Christiania,19220101,1922,Foreningen,und,Feminisme / Historie / Tidsskrifter / kvinnesak / norge,,periodical,Uklassifisert,digitidsskrift,nb,20060101
22,15,300033061,URN:NBN:no-nb_digitidsskrift_2019012281052_001,Nylænde ( trykt utg. ) : tidsskrift udgivet af Norsk kvindesagsforening . 1921 Vol . 35,,https://www.nb.no/items/URN:NBN:no-nb_digitidsskrift_2019012281052_001,oai:urn.nb.no:no-nb_digitidsskrift_2019012281052_001,0780141d17f3fc1b0dff9182de3f5d79,,Christiania,19210101,1921,Foreningen,und,Feminisme / Historie / Tidsskrifter / kvinnesak / norge,,periodical,Uklassifisert,digitidsskrift,nb,20060101
23,28,300035920,URN:NBN:no-nb_digitidsskrift_2019012281054_001,Nylænde ( trykt utg. ) : tidsskrift udgivet af Norsk kvindesagsforening . 1914 Vol . 28,,https://www.nb.no/items/URN:NBN:no-nb_digitidsskrift_2019012281054_001,oai:urn.nb.no:no-nb_digitidsskrift_2019012281054_001,aa85f249a44eba13248a3249cff951fb,,Christiania,19140101,1914,Foreningen,und,Feminisme / Historie / Tidsskrifter / kvinnesak / norge,,periodical,Uklassifisert,digitidsskrift,nb,20060101
24,27,300034154,URN:NBN:no-nb_digitidsskrift_2019012281056_001,Nylænde ( trykt utg. ) : tidsskrift udgivet af Norsk kvindesagsforening . 1920 Vol . 34,,https://www.nb.no/items/URN:NBN:no-nb_digitidsskrift_2019012281056_001,oai:urn.nb.no:no-nb_digitidsskrift_2019012281056_001,530784b4c2a9f3c1cde1f6644eab24db,,Christiania,19200101,1920,Foreningen,und,Feminisme / Historie / Tidsskrifter / kvinnesak / norge,,periodical,Uklassifisert,digitidsskrift,nb,20060101
25,79,300033062,URN:NBN:no-nb_digitidsskrift_2019012281058_001,Nylænde ( trykt utg. ) : tidsskrift udgivet af Norsk kvindesagsforening . 1924 Vol . 38,,https://www.nb.no/items/URN:NBN:no-nb_digitidsskrift_2019012281058_001,oai:urn.nb.no:no-nb_digitidsskrift_2019012281058_001,e077fdcff67f6933a5eb011febcbf02d,,Christiania,19240101,1924,Foreningen,und,Feminisme / Historie / Tidsskrifter / kvinnesak / norge,,periodical,Uklassifisert,digitidsskrift,nb,20060101
26,8,300033063,URN:NBN:no-nb_digitidsskrift_2019012281060_001,Nylænde ( trykt utg. ) : tidsskrift udgivet af Norsk kvindesagsforening . 1923 Vol . 37,,https://www.nb.no/items/URN:NBN:no-nb_digitidsskrift_2019012281060_001,oai:urn.nb.no:no-nb_digitidsskrift_2019012281060_001,78aa958880ea40084d1c6e76b7b6dc18,,Christiania,19230101,1923,Foreningen,und,Feminisme / Historie / Tidsskrifter / kvinnesak / norge,,periodical,Uklassifisert,digitidsskrift,nb,20060101
27,2,300033064,URN:NBN:no-nb_digitidsskrift_2019012281062_001,Nylænde ( trykt utg. ) : tidsskrift udgivet af Norsk kvindesagsforening . 1925 Vol . 39,,https://www.nb.no/items/URN:NBN:no-nb_digitidsskrift_2019012281062_001,oai:urn.nb.no:no-nb_digitidsskrift_2019012281062_001,091d4d104de5a090e2d1d4c9edafe38c,,Christiania,19250101,1925,Foreningen,und,Feminisme / Historie / Tidsskrifter / kvinnesak / norge,,periodical,Uklassifisert,digitidsskrift,nb,20060101
28,38,300034155,URN:NBN:no-nb_digitidsskrift_2019012281064_001,Nylænde ( trykt utg. ) : tidsskrift udgivet af Norsk kvindesagsforening . 1926 Vol . 40,,https://www.nb.no/items/URN:NBN:no-nb_digitidsskrift_2019012281064_001,oai:urn.nb.no:no-nb_digitidsskrift_2019012281064_001,2052444a29cf5ffc64bd4340bd798917,,Christiania,19260101,1926,Foreningen,und,Feminisme / Historie / Tidsskrifter / kvinnesak / norge,,periodical,Uklassifisert,digitidsskrift,nb,20060101
29,26,300033065,URN:NBN:no-nb_digitidsskrift_2019012281066_001,Nylænde ( trykt utg. ) : tidsskrift udgivet af Norsk kvindesagsforening . 1900 Vol . 14,,https://www.nb.no/items/URN:NBN:no-nb_digitidsskrift_2019012281066_001,oai:urn.nb.no:no-nb_digitidsskrift_2019012281066_001,bea2e09d626d3a60b4eb777b0baaa689,,Christiania,19000101,1900,Foreningen,und,Feminisme / Historie / Tidsskrifter / kvinnesak / norge,,periodical,Uklassifisert,digitidsskrift,nb,20060101
30,68,300033066,URN:NBN:no-nb_digitidsskrift_2019012281068_001,Nylænde ( trykt utg. ) : tidsskrift udgivet af Norsk kvindesagsforening . 1906 Vol . 20,,https://www.nb.no/items/URN:NBN:no-nb_digitidsskrift_2019012281068_001,oai:urn.nb.no:no-nb_digitidsskrift_2019012281068_001,14b5afc1c4806bbb4085dbc664a67274,,Christiania,19060101,1906,Foreningen,und,Feminisme / Historie / Tidsskrifter / kvinnesak / norge,,periodical,Uklassifisert,digitidsskrift,nb,20060101
31,63,300033067,URN:NBN:no-nb_digitidsskrift_2019012281070_001,Nylænde ( trykt utg. ) : tidsskrift udgivet af Norsk kvindesagsforening . 1888 Vol . 2,,https://www.nb.no/items/URN:NBN:no-nb_digitidsskrift_2019012281070_001,oai:urn.nb.no:no-nb_digitidsskrift_2019012281070_001,be0d345532c82012b6bc918f14772f2a,,Christiania,18880101,1888,Foreningen,und,Feminisme / Historie / Tidsskrifter / kvinnesak / norge,,periodical,Uklassifisert,digitidsskrift,nb,20060101
32,22,300033068,URN:NBN:no-nb_digitidsskrift_2019012281072_001,Nylænde ( trykt utg. ) : tidsskrift udgivet af Norsk kvindesagsforening . 1907 Vol . 21,,https://www.nb.no/items/URN:NBN:no-nb_digitidsskrift_2019012281072_001,oai:urn.nb.no:no-nb_digitidsskrift_2019012281072_001,5e4d636e1c6c9ad2ba574b3d8d0d349c,,Christiania,19070101,1907,Foreningen,und,Feminisme / Historie / Tidsskrifter / kvinnesak / norge,,periodical,Uklassifisert,digitidsskrift,nb,20060101
33,60,300033069,URN:NBN:no-nb_digitidsskrift_2019012281074_001,Nylænde ( trykt utg. ) : tidsskrift udgivet af Norsk kvindesagsforening . 1908 Vol . 22,,https://www.nb.no/items/URN:NBN:no-nb_digitidsskrift_2019012281074_001,oai:urn.nb.no:no-nb_digitidsskrift_2019012281074_001,209556dc2ffa03f47c5125cc900acb64,,Christiania,19080101,1908,Foreningen,und,Feminisme / Historie / Tidsskrifter / kvinnesak / norge,,periodical,Uklassifisert,digitidsskrift,nb,20060101
34,25,300033070,URN:NBN:no-nb_digitidsskrift_2019012281076_001,Nylænde ( trykt utg. ) : tidsskrift udgivet af Norsk kvindesagsforening . 1909 Vol . 23,,https://www.nb.no/items/URN:NBN:no-nb_digitidsskrift_2019012281076_001,oai:urn.nb.no:no-nb_digitidsskrift_2019012281076_001,8e469308c01bdc5c92a0c1a2e7288a60,,Christiania,19090101,1909,Foreningen,und,Feminisme / Historie / Tidsskrifter / kvinnesak / norge,,periodical,Uklassifisert,digitidsskrift,nb,20060101
35,18,300044370,URN:NBN:no-nb_digitidsskrift_2019012281078_001,Nylænde ( trykt utg. ) : tidsskrift udgivet af Norsk kvindesagsforening . 1910 Vol . 24,,https://www.nb.no/items/URN:NBN:no-nb_digitidsskrift_2019012281078_001,oai:urn.nb.no:no-nb_digitidsskrift_2019012281078_001,b26043cebd6fec63d48a0ea2c4e1276e,,Christiania,19100101,1910,Foreningen,und,Feminisme / Historie / Tidsskrifter / kvinnesak / norge,,periodical,Uklassifisert,digitidsskrift,nb,20060101
36,64,300033071,URN:NBN:no-nb_digitidsskrift_2019012281080_001,Nylænde ( trykt utg. ) : tidsskrift udgivet af Norsk kvindesagsforening . 1898 Vol . 12,,https://www.nb.no/items/URN:NBN:no-nb_digitidsskrift_2019012281080_001,oai:urn.nb.no:no-nb_digitidsskrift_2019012281080_001,75295e256a065e86dd591810002f02e8,,Christiania,18980101,1898,Foreningen,und,Feminisme / Historie / Tidsskrifter / kvinnesak / norge,,periodical,Uklassifisert,digitidsskrift,nb,20060101
37,9,300033072,URN:NBN:no-nb_digitidsskrift_2019012281082_001,Nylænde ( trykt utg. ) : tidsskrift udgivet af Norsk kvindesagsforening . 1899 Vol . 13,,https://www.nb.no/items/URN:NBN:no-nb_digitidsskrift_2019012281082_001,oai:urn.nb.no:no-nb_digitidsskrift_2019012281082_001,6a67266d1707b23bc2761dafd98f5192,,Christiania,18990101,1899,Foreningen,und,Feminisme / Historie / Tidsskrifter / kvinnesak / norge,,periodical,Uklassifisert,digitidsskrift,nb,20060101
38,71,300036800,URN:NBN:no-nb_digitidsskrift_2019031381013_001,Nylænde ( trykt utg. ) : tidsskrift udgivet af Norsk kvindesagsforening . 1889 Vol . 3,,https://www.nb.no/items/URN:NBN:no-nb_digitidsskrift_2019031381013_001,oai:urn.nb.no:no-nb_digitidsskrift_2019031381013_001,18773bda04c79464278085d3ba5625a6,,Christiania,18890101,1889,Foreningen,und,Feminisme / Historie / Tidsskrifter / kvinnesak / norge,,periodical,Uklassifisert,digitidsskrift,nb,20060101
39,19,300036801,URN:NBN:no-nb_digitidsskrift_2019031381014_001,Nylænde ( trykt utg. ) : tidsskrift udgivet af Norsk kvindesagsforening . 1890 Vol . 4,,https://www.nb.no/items/URN:NBN:no-nb_digitidsskrift_2019031381014_001,oai:urn.nb.no:no-nb_digitidsskrift_2019031381014_001,f000e8dbd3751df94fee95e154494d3f,,Christiania,18900101,1890,Foreningen,und,Feminisme / Historie / Tidsskrifter / kvinnesak / norge,,periodical,Uklassifisert,digitidsskrift,nb,20060101
